pargpnme,inctyp,derinc,derinclb,forcen,derincmul,dermthd,splitthresh,splitreldiff,splitaction
npf_k_layer2_gr__multiplier,relative,0.01,0.0,switch,2.0,parabolic,1e-05,0.5,smaller
npf_k33_layer2_gr__multiplier,relative,0.01,0.0,switch,2.0,parabolic,1e-05,0.5,smaller
npf_k_layer1_gr__multiplier,relative,0.01,0.0,switch,2.0,parabolic,1e-05,0.5,smaller
npf_k33_layer1_gr__multiplier,relative,0.01,0.0,switch,2.0,parabolic,1e-05,0.5,smaller
sto_sy_layer1_gr__multiplier,relative,0.01,0.0,switch,2.0,parabolic,1e-05,0.5,smaller
npf_k33_layer3_gr__multiplier,relative,0.01,0.0,switch,2.0,parabolic,1e-05,0.5,smaller
npf_k_layer3_gr__multiplier,relative,0.01,0.0,switch,2.0,parabolic,1e-05,0.5,smaller
sto_sy_layer3_gr__multiplier,relative,0.01,0.0,switch,2.0,parabolic,1e-05,0.5,smaller
sto_sy_layer2_gr__multiplier,relative,0.01,0.0,switch,2.0,parabolic,1e-05,0.5,smaller
sto_ss_layer2_gr__multiplier,relative,0.01,0.0,switch,2.0,parabolic,1e-05,0.5,smaller
sto_ss_layer3_gr__multiplier,relative,0.01,0.0,switch,2.0,parabolic,1e-05,0.5,smaller
rch_gr__multiplier,relative,0.01,0.0,switch,2.0,parabolic,1e-05,0.5,smaller
sto_ss_layer1_gr__multiplier,relative,0.01,0.0,switch,2.0,parabolic,1e-05,0.5,smaller
twel_mlt,relative,0.01,0.0,switch,2.0,parabolic,1e-05,0.5,smaller
rch_const__multiplier,relative,0.01,0.0,switch,2.0,parabolic,1e-05,0.5,smaller
sfr_rhk,relative,0.01,0.0,switch,2.0,parabolic,1e-05,0.5,smaller
npf_k33_layer1_pp_inst:0,relative,0.01,0.0,switch,2.0,parabolic,1e-05,0.5,smaller
npf_k33_layer3_pp_inst:0,relative,0.01,0.0,switch,2.0,parabolic,1e-05,0.5,smaller
sto_ss_layer1_pp_inst:0,relative,0.01,0.0,switch,2.0,parabolic,1e-05,0.5,smaller
sto_ss_layer3_pp_inst:0,relative,0.01,0.0,switch,2.0,parabolic,1e-05,0.5,smaller
sto_sy_layer1_pp_inst:0,relative,0.01,0.0,switch,2.0,parabolic,1e-05,0.5,smaller
sto_sy_layer2_pp_inst:0,relative,0.01,0.0,switch,2.0,parabolic,1e-05,0.5,smaller
npf_k33_layer2_pp_inst:0,relative,0.01,0.0,switch,2.0,parabolic,1e-05,0.5,smaller
sto_ss_layer2_pp_inst:0,relative,0.01,0.0,switch,2.0,parabolic,1e-05,0.5,smaller
sto_sy_layer3_pp_inst:0,relative,0.01,0.0,switch,2.0,parabolic,1e-05,0.5,smaller
npf_k_layer3_pp_inst:0,relative,0.01,0.0,switch,2.0,parabolic,1e-05,0.5,smaller
npf_k_layer2_pp_inst:0,relative,0.01,0.0,switch,2.0,parabolic,1e-05,0.5,smaller
npf_k_layer1_pp_inst:0,relative,0.01,0.0,switch,2.0,parabolic,1e-05,0.5,smaller
wel_94,relative,0.01,0.0,switch,2.0,parabolic,1e-05,0.5,smaller
wel_496,relative,0.01,0.0,switch,2.0,parabolic,1e-05,0.5,smaller
wel_401,relative,0.01,0.0,switch,2.0,parabolic,1e-05,0.5,smaller
wel_264,relative,0.01,0.0,switch,2.0,parabolic,1e-05,0.5,smaller
wel_248,relative,0.01,0.0,switch,2.0,parabolic,1e-05,0.5,smaller
wel_664,relative,0.01,0.0,switch,2.0,parabolic,1e-05,0.5,smaller
wel_547,relative,0.01,0.0,switch,2.0,parabolic,1e-05,0.5,smaller
wel_61,relative,0.01,0.0,switch,2.0,parabolic,1e-05,0.5,smaller
wel_504,relative,0.01,0.0,switch,2.0,parabolic,1e-05,0.5,smaller
wel_129,relative,0.01,0.0,switch,2.0,parabolic,1e-05,0.5,smaller
wel_411,relative,0.01,0.0,switch,2.0,parabolic,1e-05,0.5,smaller
wel_536,relative,0.01,0.0,switch,2.0,parabolic,1e-05,0.5,smaller
wel_215,relative,0.01,0.0,switch,2.0,parabolic,1e-05,0.5,smaller
wel_606,relative,0.01,0.0,switch,2.0,parabolic,1e-05,0.5,smaller
wel_357,relative,0.01,0.0,switch,2.0,parabolic,1e-05,0.5,smaller
wel_324,relative,0.01,0.0,switch,2.0,parabolic,1e-05,0.5,smaller
wel_521,relative,0.01,0.0,switch,2.0,parabolic,1e-05,0.5,smaller
wel_575,relative,0.01,0.0,switch,2.0,parabolic,1e-05,0.5,smaller
wel_233,relative,0.01,0.0,switch,2.0,parabolic,1e-05,0.5,smaller
wel_85,relative,0.01,0.0,switch,2.0,parabolic,1e-05,0.5,smaller
wel_38,relative,0.01,0.0,switch,2.0,parabolic,1e-05,0.5,smaller
wel_68,relative,0.01,0.0,switch,2.0,parabolic,1e-05,0.5,smaller
wel_325,relative,0.01,0.0,switch,2.0,parabolic,1e-05,0.5,smaller
wel_181,relative,0.01,0.0,switch,2.0,parabolic,1e-05,0.5,smaller
wel_336,relative,0.01,0.0,switch,2.0,parabolic,1e-05,0.5,smaller
wel_311,relative,0.01,0.0,switch,2.0,parabolic,1e-05,0.5,smaller
wel_371,relative,0.01,0.0,switch,2.0,parabolic,1e-05,0.5,smaller
wel_708,relative,0.01,0.0,switch,2.0,parabolic,1e-05,0.5,smaller
wel_354,relative,0.01,0.0,switch,2.0,parabolic,1e-05,0.5,smaller
wel_541,relative,0.01,0.0,switch,2.0,parabolic,1e-05,0.5,smaller
wel_43,relative,0.01,0.0,switch,2.0,parabolic,1e-05,0.5,smaller
wel_304,relative,0.01,0.0,switch,2.0,parabolic,1e-05,0.5,smaller
wel_48,relative,0.01,0.0,switch,2.0,parabolic,1e-05,0.5,smaller
wel_52,relative,0.01,0.0,switch,2.0,parabolic,1e-05,0.5,smaller
wel_344,relative,0.01,0.0,switch,2.0,parabolic,1e-05,0.5,smaller
wel_326,relative,0.01,0.0,switch,2.0,parabolic,1e-05,0.5,smaller
wel_489,relative,0.01,0.0,switch,2.0,parabolic,1e-05,0.5,smaller
wel_515,relative,0.01,0.0,switch,2.0,parabolic,1e-05,0.5,smaller
wel_243,relative,0.01,0.0,switch,2.0,parabolic,1e-05,0.5,smaller
wel_396,relative,0.01,0.0,switch,2.0,parabolic,1e-05,0.5,smaller
wel_440,relative,0.01,0.0,switch,2.0,parabolic,1e-05,0.5,smaller
wel_699,relative,0.01,0.0,switch,2.0,parabolic,1e-05,0.5,smaller
wel_578,relative,0.01,0.0,switch,2.0,parabolic,1e-05,0.5,smaller
wel_453,relative,0.01,0.0,switch,2.0,parabolic,1e-05,0.5,smaller
wel_675,relative,0.01,0.0,switch,2.0,parabolic,1e-05,0.5,smaller
wel_723,relative,0.01,0.0,switch,2.0,parabolic,1e-05,0.5,smaller
wel_516,relative,0.01,0.0,switch,2.0,parabolic,1e-05,0.5,smaller
wel_449,relative,0.01,0.0,switch,2.0,parabolic,1e-05,0.5,smaller
wel_188,relative,0.01,0.0,switch,2.0,parabolic,1e-05,0.5,smaller
wel_64,relative,0.01,0.0,switch,2.0,parabolic,1e-05,0.5,smaller
wel_660,relative,0.01,0.0,switch,2.0,parabolic,1e-05,0.5,smaller
wel_313,relative,0.01,0.0,switch,2.0,parabolic,1e-05,0.5,smaller
wel_413,relative,0.01,0.0,switch,2.0,parabolic,1e-05,0.5,smaller
wel_319,relative,0.01,0.0,switch,2.0,parabolic,1e-05,0.5,smaller
wel_506,relative,0.01,0.0,switch,2.0,parabolic,1e-05,0.5,smaller
wel_308,relative,0.01,0.0,switch,2.0,parabolic,1e-05,0.5,smaller
wel_656,relative,0.01,0.0,switch,2.0,parabolic,1e-05,0.5,smaller
wel_4,relative,0.01,0.0,switch,2.0,parabolic,1e-05,0.5,smaller
wel_510,relative,0.01,0.0,switch,2.0,parabolic,1e-05,0.5,smaller
wel_299,relative,0.01,0.0,switch,2.0,parabolic,1e-05,0.5,smaller
wel_686,relative,0.01,0.0,switch,2.0,parabolic,1e-05,0.5,smaller
wel_407,relative,0.01,0.0,switch,2.0,parabolic,1e-05,0.5,smaller
wel_327,relative,0.01,0.0,switch,2.0,parabolic,1e-05,0.5,smaller
wel_466,relative,0.01,0.0,switch,2.0,parabolic,1e-05,0.5,smaller
wel_300,relative,0.01,0.0,switch,2.0,parabolic,1e-05,0.5,smaller
wel_201,relative,0.01,0.0,switch,2.0,parabolic,1e-05,0.5,smaller
wel_435,relative,0.01,0.0,switch,2.0,parabolic,1e-05,0.5,smaller
wel_674,relative,0.01,0.0,switch,2.0,parabolic,1e-05,0.5,smaller
wel_695,relative,0.01,0.0,switch,2.0,parabolic,1e-05,0.5,smaller
wel_160,relative,0.01,0.0,switch,2.0,parabolic,1e-05,0.5,smaller
wel_113,relative,0.01,0.0,switch,2.0,parabolic,1e-05,0.5,smaller
wel_312,relative,0.01,0.0,switch,2.0,parabolic,1e-05,0.5,smaller
wel_80,relative,0.01,0.0,switch,2.0,parabolic,1e-05,0.5,smaller
wel_581,relative,0.01,0.0,switch,2.0,parabolic,1e-05,0.5,smaller
wel_334,relative,0.01,0.0,switch,2.0,parabolic,1e-05,0.5,smaller
wel_214,relative,0.01,0.0,switch,2.0,parabolic,1e-05,0.5,smaller
wel_114,relative,0.01,0.0,switch,2.0,parabolic,1e-05,0.5,smaller
wel_207,relative,0.01,0.0,switch,2.0,parabolic,1e-05,0.5,smaller
wel_33,relative,0.01,0.0,switch,2.0,parabolic,1e-05,0.5,smaller
wel_417,relative,0.01,0.0,switch,2.0,parabolic,1e-05,0.5,smaller
wel_652,relative,0.01,0.0,switch,2.0,parabolic,1e-05,0.5,smaller
wel_667,relative,0.01,0.0,switch,2.0,parabolic,1e-05,0.5,smaller
wel_702,relative,0.01,0.0,switch,2.0,parabolic,1e-05,0.5,smaller
wel_287,relative,0.01,0.0,switch,2.0,parabolic,1e-05,0.5,smaller
wel_378,relative,0.01,0.0,switch,2.0,parabolic,1e-05,0.5,smaller
wel_218,relative,0.01,0.0,switch,2.0,parabolic,1e-05,0.5,smaller
wel_587,relative,0.01,0.0,switch,2.0,parabolic,1e-05,0.5,smaller
wel_75,relative,0.01,0.0,switch,2.0,parabolic,1e-05,0.5,smaller
wel_682,relative,0.01,0.0,switch,2.0,parabolic,1e-05,0.5,smaller
wel_397,relative,0.01,0.0,switch,2.0,parabolic,1e-05,0.5,smaller
wel_553,relative,0.01,0.0,switch,2.0,parabolic,1e-05,0.5,smaller
wel_148,relative,0.01,0.0,switch,2.0,parabolic,1e-05,0.5,smaller
wel_316,relative,0.01,0.0,switch,2.0,parabolic,1e-05,0.5,smaller
wel_421,relative,0.01,0.0,switch,2.0,parabolic,1e-05,0.5,smaller
wel_474,relative,0.01,0.0,switch,2.0,parabolic,1e-05,0.5,smaller
wel_472,relative,0.01,0.0,switch,2.0,parabolic,1e-05,0.5,smaller
wel_430,relative,0.01,0.0,switch,2.0,parabolic,1e-05,0.5,smaller
wel_493,relative,0.01,0.0,switch,2.0,parabolic,1e-05,0.5,smaller
wel_717,relative,0.01,0.0,switch,2.0,parabolic,1e-05,0.5,smaller
wel_105,relative,0.01,0.0,switch,2.0,parabolic,1e-05,0.5,smaller
wel_444,relative,0.01,0.0,switch,2.0,parabolic,1e-05,0.5,smaller
wel_372,relative,0.01,0.0,switch,2.0,parabolic,1e-05,0.5,smaller
wel_301,relative,0.01,0.0,switch,2.0,parabolic,1e-05,0.5,smaller
wel_7,relative,0.01,0.0,switch,2.0,parabolic,1e-05,0.5,smaller
wel_730,relative,0.01,0.0,switch,2.0,parabolic,1e-05,0.5,smaller
wel_520,relative,0.01,0.0,switch,2.0,parabolic,1e-05,0.5,smaller
wel_99,relative,0.01,0.0,switch,2.0,parabolic,1e-05,0.5,smaller
wel_150,relative,0.01,0.0,switch,2.0,parabolic,1e-05,0.5,smaller
wel_508,relative,0.01,0.0,switch,2.0,parabolic,1e-05,0.5,smaller
wel_70,relative,0.01,0.0,switch,2.0,parabolic,1e-05,0.5,smaller
wel_277,relative,0.01,0.0,switch,2.0,parabolic,1e-05,0.5,smaller
wel_423,relative,0.01,0.0,switch,2.0,parabolic,1e-05,0.5,smaller
wel_377,relative,0.01,0.0,switch,2.0,parabolic,1e-05,0.5,smaller
wel_246,relative,0.01,0.0,switch,2.0,parabolic,1e-05,0.5,smaller
wel_617,relative,0.01,0.0,switch,2.0,parabolic,1e-05,0.5,smaller
wel_511,relative,0.01,0.0,switch,2.0,parabolic,1e-05,0.5,smaller
wel_365,relative,0.01,0.0,switch,2.0,parabolic,1e-05,0.5,smaller
wel_162,relative,0.01,0.0,switch,2.0,parabolic,1e-05,0.5,smaller
wel_283,relative,0.01,0.0,switch,2.0,parabolic,1e-05,0.5,smaller
wel_530,relative,0.01,0.0,switch,2.0,parabolic,1e-05,0.5,smaller
wel_208,relative,0.01,0.0,switch,2.0,parabolic,1e-05,0.5,smaller
wel_605,relative,0.01,0.0,switch,2.0,parabolic,1e-05,0.5,smaller
wel_108,relative,0.01,0.0,switch,2.0,parabolic,1e-05,0.5,smaller
wel_167,relative,0.01,0.0,switch,2.0,parabolic,1e-05,0.5,smaller
wel_18,relative,0.01,0.0,switch,2.0,parabolic,1e-05,0.5,smaller
wel_684,relative,0.01,0.0,switch,2.0,parabolic,1e-05,0.5,smaller
wel_473,relative,0.01,0.0,switch,2.0,parabolic,1e-05,0.5,smaller
wel_379,relative,0.01,0.0,switch,2.0,parabolic,1e-05,0.5,smaller
wel_713,relative,0.01,0.0,switch,2.0,parabolic,1e-05,0.5,smaller
wel_405,relative,0.01,0.0,switch,2.0,parabolic,1e-05,0.5,smaller
wel_177,relative,0.01,0.0,switch,2.0,parabolic,1e-05,0.5,smaller
wel_450,relative,0.01,0.0,switch,2.0,parabolic,1e-05,0.5,smaller
wel_169,relative,0.01,0.0,switch,2.0,parabolic,1e-05,0.5,smaller
wel_358,relative,0.01,0.0,switch,2.0,parabolic,1e-05,0.5,smaller
wel_139,relative,0.01,0.0,switch,2.0,parabolic,1e-05,0.5,smaller
wel_564,relative,0.01,0.0,switch,2.0,parabolic,1e-05,0.5,smaller
wel_314,relative,0.01,0.0,switch,2.0,parabolic,1e-05,0.5,smaller
wel_566,relative,0.01,0.0,switch,2.0,parabolic,1e-05,0.5,smaller
wel_668,relative,0.01,0.0,switch,2.0,parabolic,1e-05,0.5,smaller
wel_56,relative,0.01,0.0,switch,2.0,parabolic,1e-05,0.5,smaller
wel_249,relative,0.01,0.0,switch,2.0,parabolic,1e-05,0.5,smaller
wel_609,relative,0.01,0.0,switch,2.0,parabolic,1e-05,0.5,smaller
wel_410,relative,0.01,0.0,switch,2.0,parabolic,1e-05,0.5,smaller
wel_234,relative,0.01,0.0,switch,2.0,parabolic,1e-05,0.5,smaller
wel_724,relative,0.01,0.0,switch,2.0,parabolic,1e-05,0.5,smaller
wel_441,relative,0.01,0.0,switch,2.0,parabolic,1e-05,0.5,smaller
wel_560,relative,0.01,0.0,switch,2.0,parabolic,1e-05,0.5,smaller
wel_102,relative,0.01,0.0,switch,2.0,parabolic,1e-05,0.5,smaller
wel_414,relative,0.01,0.0,switch,2.0,parabolic,1e-05,0.5,smaller
wel_597,relative,0.01,0.0,switch,2.0,parabolic,1e-05,0.5,smaller
wel_498,relative,0.01,0.0,switch,2.0,parabolic,1e-05,0.5,smaller
wel_88,relative,0.01,0.0,switch,2.0,parabolic,1e-05,0.5,smaller
wel_696,relative,0.01,0.0,switch,2.0,parabolic,1e-05,0.5,smaller
wel_22,relative,0.01,0.0,switch,2.0,parabolic,1e-05,0.5,smaller
wel_210,relative,0.01,0.0,switch,2.0,parabolic,1e-05,0.5,smaller
wel_643,relative,0.01,0.0,switch,2.0,parabolic,1e-05,0.5,smaller
wel_551,relative,0.01,0.0,switch,2.0,parabolic,1e-05,0.5,smaller
wel_303,relative,0.01,0.0,switch,2.0,parabolic,1e-05,0.5,smaller
wel_630,relative,0.01,0.0,switch,2.0,parabolic,1e-05,0.5,smaller
wel_44,relative,0.01,0.0,switch,2.0,parabolic,1e-05,0.5,smaller
wel_634,relative,0.01,0.0,switch,2.0,parabolic,1e-05,0.5,smaller
wel_454,relative,0.01,0.0,switch,2.0,parabolic,1e-05,0.5,smaller
wel_223,relative,0.01,0.0,switch,2.0,parabolic,1e-05,0.5,smaller
wel_726,relative,0.01,0.0,switch,2.0,parabolic,1e-05,0.5,smaller
wel_77,relative,0.01,0.0,switch,2.0,parabolic,1e-05,0.5,smaller
wel_549,relative,0.01,0.0,switch,2.0,parabolic,1e-05,0.5,smaller
wel_369,relative,0.01,0.0,switch,2.0,parabolic,1e-05,0.5,smaller
wel_29,relative,0.01,0.0,switch,2.0,parabolic,1e-05,0.5,smaller
wel_676,relative,0.01,0.0,switch,2.0,parabolic,1e-05,0.5,smaller
wel_26,relative,0.01,0.0,switch,2.0,parabolic,1e-05,0.5,smaller
wel_250,relative,0.01,0.0,switch,2.0,parabolic,1e-05,0.5,smaller
wel_552,relative,0.01,0.0,switch,2.0,parabolic,1e-05,0.5,smaller
wel_612,relative,0.01,0.0,switch,2.0,parabolic,1e-05,0.5,smaller
wel_565,relative,0.01,0.0,switch,2.0,parabolic,1e-05,0.5,smaller
wel_138,relative,0.01,0.0,switch,2.0,parabolic,1e-05,0.5,smaller
wel_621,relative,0.01,0.0,switch,2.0,parabolic,1e-05,0.5,smaller
wel_217,relative,0.01,0.0,switch,2.0,parabolic,1e-05,0.5,smaller
wel_591,relative,0.01,0.0,switch,2.0,parabolic,1e-05,0.5,smaller
wel_332,relative,0.01,0.0,switch,2.0,parabolic,1e-05,0.5,smaller
wel_463,relative,0.01,0.0,switch,2.0,parabolic,1e-05,0.5,smaller
wel_251,relative,0.01,0.0,switch,2.0,parabolic,1e-05,0.5,smaller
wel_117,relative,0.01,0.0,switch,2.0,parabolic,1e-05,0.5,smaller
wel_40,relative,0.01,0.0,switch,2.0,parabolic,1e-05,0.5,smaller
wel_259,relative,0.01,0.0,switch,2.0,parabolic,1e-05,0.5,smaller
wel_467,relative,0.01,0.0,switch,2.0,parabolic,1e-05,0.5,smaller
wel_84,relative,0.01,0.0,switch,2.0,parabolic,1e-05,0.5,smaller
wel_253,relative,0.01,0.0,switch,2.0,parabolic,1e-05,0.5,smaller
wel_359,relative,0.01,0.0,switch,2.0,parabolic,1e-05,0.5,smaller
wel_213,relative,0.01,0.0,switch,2.0,parabolic,1e-05,0.5,smaller
wel_526,relative,0.01,0.0,switch,2.0,parabolic,1e-05,0.5,smaller
wel_718,relative,0.01,0.0,switch,2.0,parabolic,1e-05,0.5,smaller
wel_711,relative,0.01,0.0,switch,2.0,parabolic,1e-05,0.5,smaller
wel_47,relative,0.01,0.0,switch,2.0,parabolic,1e-05,0.5,smaller
wel_687,relative,0.01,0.0,switch,2.0,parabolic,1e-05,0.5,smaller
wel_305,relative,0.01,0.0,switch,2.0,parabolic,1e-05,0.5,smaller
wel_292,relative,0.01,0.0,switch,2.0,parabolic,1e-05,0.5,smaller
wel_592,relative,0.01,0.0,switch,2.0,parabolic,1e-05,0.5,smaller
wel_350,relative,0.01,0.0,switch,2.0,parabolic,1e-05,0.5,smaller
wel_431,relative,0.01,0.0,switch,2.0,parabolic,1e-05,0.5,smaller
wel_721,relative,0.01,0.0,switch,2.0,parabolic,1e-05,0.5,smaller
wel_681,relative,0.01,0.0,switch,2.0,parabolic,1e-05,0.5,smaller
wel_690,relative,0.01,0.0,switch,2.0,parabolic,1e-05,0.5,smaller
wel_39,relative,0.01,0.0,switch,2.0,parabolic,1e-05,0.5,smaller
wel_491,relative,0.01,0.0,switch,2.0,parabolic,1e-05,0.5,smaller
wel_523,relative,0.01,0.0,switch,2.0,parabolic,1e-05,0.5,smaller
wel_194,relative,0.01,0.0,switch,2.0,parabolic,1e-05,0.5,smaller
wel_345,relative,0.01,0.0,switch,2.0,parabolic,1e-05,0.5,smaller
wel_17,relative,0.01,0.0,switch,2.0,parabolic,1e-05,0.5,smaller
wel_353,relative,0.01,0.0,switch,2.0,parabolic,1e-05,0.5,smaller
wel_120,relative,0.01,0.0,switch,2.0,parabolic,1e-05,0.5,smaller
wel_703,relative,0.01,0.0,switch,2.0,parabolic,1e-05,0.5,smaller
wel_375,relative,0.01,0.0,switch,2.0,parabolic,1e-05,0.5,smaller
wel_342,relative,0.01,0.0,switch,2.0,parabolic,1e-05,0.5,smaller
wel_519,relative,0.01,0.0,switch,2.0,parabolic,1e-05,0.5,smaller
wel_91,relative,0.01,0.0,switch,2.0,parabolic,1e-05,0.5,smaller
wel_657,relative,0.01,0.0,switch,2.0,parabolic,1e-05,0.5,smaller
wel_522,relative,0.01,0.0,switch,2.0,parabolic,1e-05,0.5,smaller
wel_462,relative,0.01,0.0,switch,2.0,parabolic,1e-05,0.5,smaller
wel_302,relative,0.01,0.0,switch,2.0,parabolic,1e-05,0.5,smaller
wel_406,relative,0.01,0.0,switch,2.0,parabolic,1e-05,0.5,smaller
wel_416,relative,0.01,0.0,switch,2.0,parabolic,1e-05,0.5,smaller
wel_475,relative,0.01,0.0,switch,2.0,parabolic,1e-05,0.5,smaller
wel_178,relative,0.01,0.0,switch,2.0,parabolic,1e-05,0.5,smaller
wel_432,relative,0.01,0.0,switch,2.0,parabolic,1e-05,0.5,smaller
wel_422,relative,0.01,0.0,switch,2.0,parabolic,1e-05,0.5,smaller
wel_83,relative,0.01,0.0,switch,2.0,parabolic,1e-05,0.5,smaller
wel_131,relative,0.01,0.0,switch,2.0,parabolic,1e-05,0.5,smaller
wel_691,relative,0.01,0.0,switch,2.0,parabolic,1e-05,0.5,smaller
wel_572,relative,0.01,0.0,switch,2.0,parabolic,1e-05,0.5,smaller
wel_544,relative,0.01,0.0,switch,2.0,parabolic,1e-05,0.5,smaller
wel_692,relative,0.01,0.0,switch,2.0,parabolic,1e-05,0.5,smaller
wel_671,relative,0.01,0.0,switch,2.0,parabolic,1e-05,0.5,smaller
wel_562,relative,0.01,0.0,switch,2.0,parabolic,1e-05,0.5,smaller
wel_720,relative,0.01,0.0,switch,2.0,parabolic,1e-05,0.5,smaller
wel_41,relative,0.01,0.0,switch,2.0,parabolic,1e-05,0.5,smaller
wel_54,relative,0.01,0.0,switch,2.0,parabolic,1e-05,0.5,smaller
wel_639,relative,0.01,0.0,switch,2.0,parabolic,1e-05,0.5,smaller
wel_459,relative,0.01,0.0,switch,2.0,parabolic,1e-05,0.5,smaller
wel_274,relative,0.01,0.0,switch,2.0,parabolic,1e-05,0.5,smaller
wel_586,relative,0.01,0.0,switch,2.0,parabolic,1e-05,0.5,smaller
wel_672,relative,0.01,0.0,switch,2.0,parabolic,1e-05,0.5,smaller
wel_23,relative,0.01,0.0,switch,2.0,parabolic,1e-05,0.5,smaller
wel_291,relative,0.01,0.0,switch,2.0,parabolic,1e-05,0.5,smaller
wel_669,relative,0.01,0.0,switch,2.0,parabolic,1e-05,0.5,smaller
wel_295,relative,0.01,0.0,switch,2.0,parabolic,1e-05,0.5,smaller
wel_225,relative,0.01,0.0,switch,2.0,parabolic,1e-05,0.5,smaller
wel_168,relative,0.01,0.0,switch,2.0,parabolic,1e-05,0.5,smaller
wel_309,relative,0.01,0.0,switch,2.0,parabolic,1e-05,0.5,smaller
wel_158,relative,0.01,0.0,switch,2.0,parabolic,1e-05,0.5,smaller
wel_211,relative,0.01,0.0,switch,2.0,parabolic,1e-05,0.5,smaller
wel_236,relative,0.01,0.0,switch,2.0,parabolic,1e-05,0.5,smaller
wel_184,relative,0.01,0.0,switch,2.0,parabolic,1e-05,0.5,smaller
wel_390,relative,0.01,0.0,switch,2.0,parabolic,1e-05,0.5,smaller
wel_627,relative,0.01,0.0,switch,2.0,parabolic,1e-05,0.5,smaller
wel_49,relative,0.01,0.0,switch,2.0,parabolic,1e-05,0.5,smaller
wel_427,relative,0.01,0.0,switch,2.0,parabolic,1e-05,0.5,smaller
wel_221,relative,0.01,0.0,switch,2.0,parabolic,1e-05,0.5,smaller
wel_729,relative,0.01,0.0,switch,2.0,parabolic,1e-05,0.5,smaller
wel_124,relative,0.01,0.0,switch,2.0,parabolic,1e-05,0.5,smaller
wel_486,relative,0.01,0.0,switch,2.0,parabolic,1e-05,0.5,smaller
wel_219,relative,0.01,0.0,switch,2.0,parabolic,1e-05,0.5,smaller
wel_182,relative,0.01,0.0,switch,2.0,parabolic,1e-05,0.5,smaller
wel_142,relative,0.01,0.0,switch,2.0,parabolic,1e-05,0.5,smaller
wel_206,relative,0.01,0.0,switch,2.0,parabolic,1e-05,0.5,smaller
wel_512,relative,0.01,0.0,switch,2.0,parabolic,1e-05,0.5,smaller
wel_395,relative,0.01,0.0,switch,2.0,parabolic,1e-05,0.5,smaller
wel_363,relative,0.01,0.0,switch,2.0,parabolic,1e-05,0.5,smaller
wel_706,relative,0.01,0.0,switch,2.0,parabolic,1e-05,0.5,smaller
wel_63,relative,0.01,0.0,switch,2.0,parabolic,1e-05,0.5,smaller
wel_409,relative,0.01,0.0,switch,2.0,parabolic,1e-05,0.5,smaller
wel_67,relative,0.01,0.0,switch,2.0,parabolic,1e-05,0.5,smaller
wel_704,relative,0.01,0.0,switch,2.0,parabolic,1e-05,0.5,smaller
wel_298,relative,0.01,0.0,switch,2.0,parabolic,1e-05,0.5,smaller
wel_542,relative,0.01,0.0,switch,2.0,parabolic,1e-05,0.5,smaller
wel_135,relative,0.01,0.0,switch,2.0,parabolic,1e-05,0.5,smaller
wel_659,relative,0.01,0.0,switch,2.0,parabolic,1e-05,0.5,smaller
wel_384,relative,0.01,0.0,switch,2.0,parabolic,1e-05,0.5,smaller
wel_569,relative,0.01,0.0,switch,2.0,parabolic,1e-05,0.5,smaller
wel_655,relative,0.01,0.0,switch,2.0,parabolic,1e-05,0.5,smaller
wel_232,relative,0.01,0.0,switch,2.0,parabolic,1e-05,0.5,smaller
wel_279,relative,0.01,0.0,switch,2.0,parabolic,1e-05,0.5,smaller
wel_42,relative,0.01,0.0,switch,2.0,parabolic,1e-05,0.5,smaller
wel_567,relative,0.01,0.0,switch,2.0,parabolic,1e-05,0.5,smaller
wel_174,relative,0.01,0.0,switch,2.0,parabolic,1e-05,0.5,smaller
wel_376,relative,0.01,0.0,switch,2.0,parabolic,1e-05,0.5,smaller
wel_394,relative,0.01,0.0,switch,2.0,parabolic,1e-05,0.5,smaller
wel_265,relative,0.01,0.0,switch,2.0,parabolic,1e-05,0.5,smaller
wel_127,relative,0.01,0.0,switch,2.0,parabolic,1e-05,0.5,smaller
wel_428,relative,0.01,0.0,switch,2.0,parabolic,1e-05,0.5,smaller
wel_535,relative,0.01,0.0,switch,2.0,parabolic,1e-05,0.5,smaller
wel_457,relative,0.01,0.0,switch,2.0,parabolic,1e-05,0.5,smaller
wel_97,relative,0.01,0.0,switch,2.0,parabolic,1e-05,0.5,smaller
wel_607,relative,0.01,0.0,switch,2.0,parabolic,1e-05,0.5,smaller
wel_716,relative,0.01,0.0,switch,2.0,parabolic,1e-05,0.5,smaller
wel_238,relative,0.01,0.0,switch,2.0,parabolic,1e-05,0.5,smaller
wel_100,relative,0.01,0.0,switch,2.0,parabolic,1e-05,0.5,smaller
wel_172,relative,0.01,0.0,switch,2.0,parabolic,1e-05,0.5,smaller
wel_27,relative,0.01,0.0,switch,2.0,parabolic,1e-05,0.5,smaller
wel_599,relative,0.01,0.0,switch,2.0,parabolic,1e-05,0.5,smaller
wel_171,relative,0.01,0.0,switch,2.0,parabolic,1e-05,0.5,smaller
wel_490,relative,0.01,0.0,switch,2.0,parabolic,1e-05,0.5,smaller
wel_399,relative,0.01,0.0,switch,2.0,parabolic,1e-05,0.5,smaller
wel_192,relative,0.01,0.0,switch,2.0,parabolic,1e-05,0.5,smaller
wel_66,relative,0.01,0.0,switch,2.0,parabolic,1e-05,0.5,smaller
wel_381,relative,0.01,0.0,switch,2.0,parabolic,1e-05,0.5,smaller
wel_317,relative,0.01,0.0,switch,2.0,parabolic,1e-05,0.5,smaller
wel_306,relative,0.01,0.0,switch,2.0,parabolic,1e-05,0.5,smaller
wel_180,relative,0.01,0.0,switch,2.0,parabolic,1e-05,0.5,smaller
wel_189,relative,0.01,0.0,switch,2.0,parabolic,1e-05,0.5,smaller
wel_602,relative,0.01,0.0,switch,2.0,parabolic,1e-05,0.5,smaller
wel_78,relative,0.01,0.0,switch,2.0,parabolic,1e-05,0.5,smaller
wel_73,relative,0.01,0.0,switch,2.0,parabolic,1e-05,0.5,smaller
wel_72,relative,0.01,0.0,switch,2.0,parabolic,1e-05,0.5,smaller
wel_610,relative,0.01,0.0,switch,2.0,parabolic,1e-05,0.5,smaller
wel_87,relative,0.01,0.0,switch,2.0,parabolic,1e-05,0.5,smaller
wel_679,relative,0.01,0.0,switch,2.0,parabolic,1e-05,0.5,smaller
wel_310,relative,0.01,0.0,switch,2.0,parabolic,1e-05,0.5,smaller
wel_513,relative,0.01,0.0,switch,2.0,parabolic,1e-05,0.5,smaller
wel_123,relative,0.01,0.0,switch,2.0,parabolic,1e-05,0.5,smaller
wel_343,relative,0.01,0.0,switch,2.0,parabolic,1e-05,0.5,smaller
wel_571,relative,0.01,0.0,switch,2.0,parabolic,1e-05,0.5,smaller
wel_528,relative,0.01,0.0,switch,2.0,parabolic,1e-05,0.5,smaller
wel_714,relative,0.01,0.0,switch,2.0,parabolic,1e-05,0.5,smaller
wel_241,relative,0.01,0.0,switch,2.0,parabolic,1e-05,0.5,smaller
wel_3,relative,0.01,0.0,switch,2.0,parabolic,1e-05,0.5,smaller
wel_478,relative,0.01,0.0,switch,2.0,parabolic,1e-05,0.5,smaller
wel_594,relative,0.01,0.0,switch,2.0,parabolic,1e-05,0.5,smaller
wel_648,relative,0.01,0.0,switch,2.0,parabolic,1e-05,0.5,smaller
wel_393,relative,0.01,0.0,switch,2.0,parabolic,1e-05,0.5,smaller
wel_76,relative,0.01,0.0,switch,2.0,parabolic,1e-05,0.5,smaller
wel_620,relative,0.01,0.0,switch,2.0,parabolic,1e-05,0.5,smaller
wel_62,relative,0.01,0.0,switch,2.0,parabolic,1e-05,0.5,smaller
wel_558,relative,0.01,0.0,switch,2.0,parabolic,1e-05,0.5,smaller
wel_388,relative,0.01,0.0,switch,2.0,parabolic,1e-05,0.5,smaller
wel_374,relative,0.01,0.0,switch,2.0,parabolic,1e-05,0.5,smaller
wel_267,relative,0.01,0.0,switch,2.0,parabolic,1e-05,0.5,smaller
wel_600,relative,0.01,0.0,switch,2.0,parabolic,1e-05,0.5,smaller
wel_262,relative,0.01,0.0,switch,2.0,parabolic,1e-05,0.5,smaller
wel_244,relative,0.01,0.0,switch,2.0,parabolic,1e-05,0.5,smaller
wel_364,relative,0.01,0.0,switch,2.0,parabolic,1e-05,0.5,smaller
wel_636,relative,0.01,0.0,switch,2.0,parabolic,1e-05,0.5,smaller
wel_640,relative,0.01,0.0,switch,2.0,parabolic,1e-05,0.5,smaller
wel_715,relative,0.01,0.0,switch,2.0,parabolic,1e-05,0.5,smaller
wel_165,relative,0.01,0.0,switch,2.0,parabolic,1e-05,0.5,smaller
wel_593,relative,0.01,0.0,switch,2.0,parabolic,1e-05,0.5,smaller
wel_69,relative,0.01,0.0,switch,2.0,parabolic,1e-05,0.5,smaller
wel_25,relative,0.01,0.0,switch,2.0,parabolic,1e-05,0.5,smaller
wel_143,relative,0.01,0.0,switch,2.0,parabolic,1e-05,0.5,smaller
wel_134,relative,0.01,0.0,switch,2.0,parabolic,1e-05,0.5,smaller
wel_633,relative,0.01,0.0,switch,2.0,parabolic,1e-05,0.5,smaller
wel_307,relative,0.01,0.0,switch,2.0,parabolic,1e-05,0.5,smaller
wel_728,relative,0.01,0.0,switch,2.0,parabolic,1e-05,0.5,smaller
wel_155,relative,0.01,0.0,switch,2.0,parabolic,1e-05,0.5,smaller
wel_147,relative,0.01,0.0,switch,2.0,parabolic,1e-05,0.5,smaller
wel_315,relative,0.01,0.0,switch,2.0,parabolic,1e-05,0.5,smaller
wel_276,relative,0.01,0.0,switch,2.0,parabolic,1e-05,0.5,smaller
wel_420,relative,0.01,0.0,switch,2.0,parabolic,1e-05,0.5,smaller
wel_337,relative,0.01,0.0,switch,2.0,parabolic,1e-05,0.5,smaller
wel_280,relative,0.01,0.0,switch,2.0,parabolic,1e-05,0.5,smaller
wel_14,relative,0.01,0.0,switch,2.0,parabolic,1e-05,0.5,smaller
wel_121,relative,0.01,0.0,switch,2.0,parabolic,1e-05,0.5,smaller
wel_464,relative,0.01,0.0,switch,2.0,parabolic,1e-05,0.5,smaller
wel_439,relative,0.01,0.0,switch,2.0,parabolic,1e-05,0.5,smaller
wel_156,relative,0.01,0.0,switch,2.0,parabolic,1e-05,0.5,smaller
wel_166,relative,0.01,0.0,switch,2.0,parabolic,1e-05,0.5,smaller
wel_476,relative,0.01,0.0,switch,2.0,parabolic,1e-05,0.5,smaller
wel_480,relative,0.01,0.0,switch,2.0,parabolic,1e-05,0.5,smaller
wel_330,relative,0.01,0.0,switch,2.0,parabolic,1e-05,0.5,smaller
wel_8,relative,0.01,0.0,switch,2.0,parabolic,1e-05,0.5,smaller
wel_222,relative,0.01,0.0,switch,2.0,parabolic,1e-05,0.5,smaller
wel_709,relative,0.01,0.0,switch,2.0,parabolic,1e-05,0.5,smaller
wel_275,relative,0.01,0.0,switch,2.0,parabolic,1e-05,0.5,smaller
wel_2,relative,0.01,0.0,switch,2.0,parabolic,1e-05,0.5,smaller
wel_151,relative,0.01,0.0,switch,2.0,parabolic,1e-05,0.5,smaller
wel_532,relative,0.01,0.0,switch,2.0,parabolic,1e-05,0.5,smaller
wel_628,relative,0.01,0.0,switch,2.0,parabolic,1e-05,0.5,smaller
wel_252,relative,0.01,0.0,switch,2.0,parabolic,1e-05,0.5,smaller
wel_574,relative,0.01,0.0,switch,2.0,parabolic,1e-05,0.5,smaller
wel_561,relative,0.01,0.0,switch,2.0,parabolic,1e-05,0.5,smaller
wel_482,relative,0.01,0.0,switch,2.0,parabolic,1e-05,0.5,smaller
wel_286,relative,0.01,0.0,switch,2.0,parabolic,1e-05,0.5,smaller
wel_387,relative,0.01,0.0,switch,2.0,parabolic,1e-05,0.5,smaller
wel_154,relative,0.01,0.0,switch,2.0,parabolic,1e-05,0.5,smaller
wel_531,relative,0.01,0.0,switch,2.0,parabolic,1e-05,0.5,smaller
wel_576,relative,0.01,0.0,switch,2.0,parabolic,1e-05,0.5,smaller
wel_237,relative,0.01,0.0,switch,2.0,parabolic,1e-05,0.5,smaller
wel_187,relative,0.01,0.0,switch,2.0,parabolic,1e-05,0.5,smaller
wel_647,relative,0.01,0.0,switch,2.0,parabolic,1e-05,0.5,smaller
wel_415,relative,0.01,0.0,switch,2.0,parabolic,1e-05,0.5,smaller
wel_220,relative,0.01,0.0,switch,2.0,parabolic,1e-05,0.5,smaller
wel_445,relative,0.01,0.0,switch,2.0,parabolic,1e-05,0.5,smaller
wel_79,relative,0.01,0.0,switch,2.0,parabolic,1e-05,0.5,smaller
wel_662,relative,0.01,0.0,switch,2.0,parabolic,1e-05,0.5,smaller
wel_53,relative,0.01,0.0,switch,2.0,parabolic,1e-05,0.5,smaller
wel_465,relative,0.01,0.0,switch,2.0,parabolic,1e-05,0.5,smaller
wel_595,relative,0.01,0.0,switch,2.0,parabolic,1e-05,0.5,smaller
wel_9,relative,0.01,0.0,switch,2.0,parabolic,1e-05,0.5,smaller
wel_340,relative,0.01,0.0,switch,2.0,parabolic,1e-05,0.5,smaller
wel_101,relative,0.01,0.0,switch,2.0,parabolic,1e-05,0.5,smaller
wel_1,relative,0.01,0.0,switch,2.0,parabolic,1e-05,0.5,smaller
wel_460,relative,0.01,0.0,switch,2.0,parabolic,1e-05,0.5,smaller
wel_331,relative,0.01,0.0,switch,2.0,parabolic,1e-05,0.5,smaller
wel_483,relative,0.01,0.0,switch,2.0,parabolic,1e-05,0.5,smaller
wel_550,relative,0.01,0.0,switch,2.0,parabolic,1e-05,0.5,smaller
wel_333,relative,0.01,0.0,switch,2.0,parabolic,1e-05,0.5,smaller
wel_115,relative,0.01,0.0,switch,2.0,parabolic,1e-05,0.5,smaller
wel_484,relative,0.01,0.0,switch,2.0,parabolic,1e-05,0.5,smaller
wel_20,relative,0.01,0.0,switch,2.0,parabolic,1e-05,0.5,smaller
wel_637,relative,0.01,0.0,switch,2.0,parabolic,1e-05,0.5,smaller
wel_529,relative,0.01,0.0,switch,2.0,parabolic,1e-05,0.5,smaller
wel_329,relative,0.01,0.0,switch,2.0,parabolic,1e-05,0.5,smaller
wel_497,relative,0.01,0.0,switch,2.0,parabolic,1e-05,0.5,smaller
wel_268,relative,0.01,0.0,switch,2.0,parabolic,1e-05,0.5,smaller
wel_501,relative,0.01,0.0,switch,2.0,parabolic,1e-05,0.5,smaller
wel_285,relative,0.01,0.0,switch,2.0,parabolic,1e-05,0.5,smaller
wel_481,relative,0.01,0.0,switch,2.0,parabolic,1e-05,0.5,smaller
wel_269,relative,0.01,0.0,switch,2.0,parabolic,1e-05,0.5,smaller
wel_663,relative,0.01,0.0,switch,2.0,parabolic,1e-05,0.5,smaller
wel_645,relative,0.01,0.0,switch,2.0,parabolic,1e-05,0.5,smaller
wel_12,relative,0.01,0.0,switch,2.0,parabolic,1e-05,0.5,smaller
wel_563,relative,0.01,0.0,switch,2.0,parabolic,1e-05,0.5,smaller
wel_554,relative,0.01,0.0,switch,2.0,parabolic,1e-05,0.5,smaller
wel_199,relative,0.01,0.0,switch,2.0,parabolic,1e-05,0.5,smaller
wel_272,relative,0.01,0.0,switch,2.0,parabolic,1e-05,0.5,smaller
wel_382,relative,0.01,0.0,switch,2.0,parabolic,1e-05,0.5,smaller
wel_59,relative,0.01,0.0,switch,2.0,parabolic,1e-05,0.5,smaller
wel_65,relative,0.01,0.0,switch,2.0,parabolic,1e-05,0.5,smaller
wel_261,relative,0.01,0.0,switch,2.0,parabolic,1e-05,0.5,smaller
wel_455,relative,0.01,0.0,switch,2.0,parabolic,1e-05,0.5,smaller
wel_661,relative,0.01,0.0,switch,2.0,parabolic,1e-05,0.5,smaller
wel_351,relative,0.01,0.0,switch,2.0,parabolic,1e-05,0.5,smaller
wel_55,relative,0.01,0.0,switch,2.0,parabolic,1e-05,0.5,smaller
wel_95,relative,0.01,0.0,switch,2.0,parabolic,1e-05,0.5,smaller
wel_245,relative,0.01,0.0,switch,2.0,parabolic,1e-05,0.5,smaller
wel_556,relative,0.01,0.0,switch,2.0,parabolic,1e-05,0.5,smaller
wel_130,relative,0.01,0.0,switch,2.0,parabolic,1e-05,0.5,smaller
wel_534,relative,0.01,0.0,switch,2.0,parabolic,1e-05,0.5,smaller
wel_323,relative,0.01,0.0,switch,2.0,parabolic,1e-05,0.5,smaller
wel_258,relative,0.01,0.0,switch,2.0,parabolic,1e-05,0.5,smaller
wel_116,relative,0.01,0.0,switch,2.0,parabolic,1e-05,0.5,smaller
wel_418,relative,0.01,0.0,switch,2.0,parabolic,1e-05,0.5,smaller
wel_98,relative,0.01,0.0,switch,2.0,parabolic,1e-05,0.5,smaller
wel_149,relative,0.01,0.0,switch,2.0,parabolic,1e-05,0.5,smaller
wel_45,relative,0.01,0.0,switch,2.0,parabolic,1e-05,0.5,smaller
wel_419,relative,0.01,0.0,switch,2.0,parabolic,1e-05,0.5,smaller
wel_230,relative,0.01,0.0,switch,2.0,parabolic,1e-05,0.5,smaller
wel_448,relative,0.01,0.0,switch,2.0,parabolic,1e-05,0.5,smaller
wel_468,relative,0.01,0.0,switch,2.0,parabolic,1e-05,0.5,smaller
wel_185,relative,0.01,0.0,switch,2.0,parabolic,1e-05,0.5,smaller
wel_200,relative,0.01,0.0,switch,2.0,parabolic,1e-05,0.5,smaller
wel_112,relative,0.01,0.0,switch,2.0,parabolic,1e-05,0.5,smaller
wel_163,relative,0.01,0.0,switch,2.0,parabolic,1e-05,0.5,smaller
wel_191,relative,0.01,0.0,switch,2.0,parabolic,1e-05,0.5,smaller
wel_712,relative,0.01,0.0,switch,2.0,parabolic,1e-05,0.5,smaller
wel_524,relative,0.01,0.0,switch,2.0,parabolic,1e-05,0.5,smaller
wel_51,relative,0.01,0.0,switch,2.0,parabolic,1e-05,0.5,smaller
wel_109,relative,0.01,0.0,switch,2.0,parabolic,1e-05,0.5,smaller
wel_588,relative,0.01,0.0,switch,2.0,parabolic,1e-05,0.5,smaller
wel_81,relative,0.01,0.0,switch,2.0,parabolic,1e-05,0.5,smaller
wel_288,relative,0.01,0.0,switch,2.0,parabolic,1e-05,0.5,smaller
wel_557,relative,0.01,0.0,switch,2.0,parabolic,1e-05,0.5,smaller
wel_615,relative,0.01,0.0,switch,2.0,parabolic,1e-05,0.5,smaller
wel_494,relative,0.01,0.0,switch,2.0,parabolic,1e-05,0.5,smaller
wel_212,relative,0.01,0.0,switch,2.0,parabolic,1e-05,0.5,smaller
wel_433,relative,0.01,0.0,switch,2.0,parabolic,1e-05,0.5,smaller
wel_183,relative,0.01,0.0,switch,2.0,parabolic,1e-05,0.5,smaller
wel_35,relative,0.01,0.0,switch,2.0,parabolic,1e-05,0.5,smaller
wel_90,relative,0.01,0.0,switch,2.0,parabolic,1e-05,0.5,smaller
wel_50,relative,0.01,0.0,switch,2.0,parabolic,1e-05,0.5,smaller
wel_335,relative,0.01,0.0,switch,2.0,parabolic,1e-05,0.5,smaller
wel_133,relative,0.01,0.0,switch,2.0,parabolic,1e-05,0.5,smaller
wel_247,relative,0.01,0.0,switch,2.0,parabolic,1e-05,0.5,smaller
wel_28,relative,0.01,0.0,switch,2.0,parabolic,1e-05,0.5,smaller
wel_555,relative,0.01,0.0,switch,2.0,parabolic,1e-05,0.5,smaller
wel_391,relative,0.01,0.0,switch,2.0,parabolic,1e-05,0.5,smaller
wel_635,relative,0.01,0.0,switch,2.0,parabolic,1e-05,0.5,smaller
wel_722,relative,0.01,0.0,switch,2.0,parabolic,1e-05,0.5,smaller
wel_488,relative,0.01,0.0,switch,2.0,parabolic,1e-05,0.5,smaller
wel_226,relative,0.01,0.0,switch,2.0,parabolic,1e-05,0.5,smaller
wel_383,relative,0.01,0.0,switch,2.0,parabolic,1e-05,0.5,smaller
wel_469,relative,0.01,0.0,switch,2.0,parabolic,1e-05,0.5,smaller
wel_152,relative,0.01,0.0,switch,2.0,parabolic,1e-05,0.5,smaller
wel_408,relative,0.01,0.0,switch,2.0,parabolic,1e-05,0.5,smaller
wel_701,relative,0.01,0.0,switch,2.0,parabolic,1e-05,0.5,smaller
wel_533,relative,0.01,0.0,switch,2.0,parabolic,1e-05,0.5,smaller
wel_96,relative,0.01,0.0,switch,2.0,parabolic,1e-05,0.5,smaller
wel_631,relative,0.01,0.0,switch,2.0,parabolic,1e-05,0.5,smaller
wel_584,relative,0.01,0.0,switch,2.0,parabolic,1e-05,0.5,smaller
wel_289,relative,0.01,0.0,switch,2.0,parabolic,1e-05,0.5,smaller
wel_263,relative,0.01,0.0,switch,2.0,parabolic,1e-05,0.5,smaller
wel_164,relative,0.01,0.0,switch,2.0,parabolic,1e-05,0.5,smaller
wel_570,relative,0.01,0.0,switch,2.0,parabolic,1e-05,0.5,smaller
wel_537,relative,0.01,0.0,switch,2.0,parabolic,1e-05,0.5,smaller
wel_125,relative,0.01,0.0,switch,2.0,parabolic,1e-05,0.5,smaller
wel_492,relative,0.01,0.0,switch,2.0,parabolic,1e-05,0.5,smaller
wel_514,relative,0.01,0.0,switch,2.0,parabolic,1e-05,0.5,smaller
wel_688,relative,0.01,0.0,switch,2.0,parabolic,1e-05,0.5,smaller
wel_545,relative,0.01,0.0,switch,2.0,parabolic,1e-05,0.5,smaller
wel_349,relative,0.01,0.0,switch,2.0,parabolic,1e-05,0.5,smaller
wel_404,relative,0.01,0.0,switch,2.0,parabolic,1e-05,0.5,smaller
wel_137,relative,0.01,0.0,switch,2.0,parabolic,1e-05,0.5,smaller
wel_603,relative,0.01,0.0,switch,2.0,parabolic,1e-05,0.5,smaller
wel_608,relative,0.01,0.0,switch,2.0,parabolic,1e-05,0.5,smaller
wel_624,relative,0.01,0.0,switch,2.0,parabolic,1e-05,0.5,smaller
wel_590,relative,0.01,0.0,switch,2.0,parabolic,1e-05,0.5,smaller
wel_678,relative,0.01,0.0,switch,2.0,parabolic,1e-05,0.5,smaller
wel_700,relative,0.01,0.0,switch,2.0,parabolic,1e-05,0.5,smaller
wel_254,relative,0.01,0.0,switch,2.0,parabolic,1e-05,0.5,smaller
wel_290,relative,0.01,0.0,switch,2.0,parabolic,1e-05,0.5,smaller
wel_278,relative,0.01,0.0,switch,2.0,parabolic,1e-05,0.5,smaller
wel_438,relative,0.01,0.0,switch,2.0,parabolic,1e-05,0.5,smaller
wel_426,relative,0.01,0.0,switch,2.0,parabolic,1e-05,0.5,smaller
wel_126,relative,0.01,0.0,switch,2.0,parabolic,1e-05,0.5,smaller
wel_318,relative,0.01,0.0,switch,2.0,parabolic,1e-05,0.5,smaller
wel_618,relative,0.01,0.0,switch,2.0,parabolic,1e-05,0.5,smaller
wel_239,relative,0.01,0.0,switch,2.0,parabolic,1e-05,0.5,smaller
wel_240,relative,0.01,0.0,switch,2.0,parabolic,1e-05,0.5,smaller
wel_632,relative,0.01,0.0,switch,2.0,parabolic,1e-05,0.5,smaller
wel_470,relative,0.01,0.0,switch,2.0,parabolic,1e-05,0.5,smaller
wel_477,relative,0.01,0.0,switch,2.0,parabolic,1e-05,0.5,smaller
wel_573,relative,0.01,0.0,switch,2.0,parabolic,1e-05,0.5,smaller
wel_145,relative,0.01,0.0,switch,2.0,parabolic,1e-05,0.5,smaller
wel_37,relative,0.01,0.0,switch,2.0,parabolic,1e-05,0.5,smaller
wel_583,relative,0.01,0.0,switch,2.0,parabolic,1e-05,0.5,smaller
wel_74,relative,0.01,0.0,switch,2.0,parabolic,1e-05,0.5,smaller
wel_442,relative,0.01,0.0,switch,2.0,parabolic,1e-05,0.5,smaller
wel_447,relative,0.01,0.0,switch,2.0,parabolic,1e-05,0.5,smaller
wel_34,relative,0.01,0.0,switch,2.0,parabolic,1e-05,0.5,smaller
wel_21,relative,0.01,0.0,switch,2.0,parabolic,1e-05,0.5,smaller
wel_293,relative,0.01,0.0,switch,2.0,parabolic,1e-05,0.5,smaller
wel_368,relative,0.01,0.0,switch,2.0,parabolic,1e-05,0.5,smaller
wel_683,relative,0.01,0.0,switch,2.0,parabolic,1e-05,0.5,smaller
wel_412,relative,0.01,0.0,switch,2.0,parabolic,1e-05,0.5,smaller
wel_132,relative,0.01,0.0,switch,2.0,parabolic,1e-05,0.5,smaller
wel_626,relative,0.01,0.0,switch,2.0,parabolic,1e-05,0.5,smaller
wel_616,relative,0.01,0.0,switch,2.0,parabolic,1e-05,0.5,smaller
wel_338,relative,0.01,0.0,switch,2.0,parabolic,1e-05,0.5,smaller
wel_582,relative,0.01,0.0,switch,2.0,parabolic,1e-05,0.5,smaller
wel_507,relative,0.01,0.0,switch,2.0,parabolic,1e-05,0.5,smaller
wel_119,relative,0.01,0.0,switch,2.0,parabolic,1e-05,0.5,smaller
wel_548,relative,0.01,0.0,switch,2.0,parabolic,1e-05,0.5,smaller
wel_568,relative,0.01,0.0,switch,2.0,parabolic,1e-05,0.5,smaller
wel_19,relative,0.01,0.0,switch,2.0,parabolic,1e-05,0.5,smaller
wel_641,relative,0.01,0.0,switch,2.0,parabolic,1e-05,0.5,smaller
wel_680,relative,0.01,0.0,switch,2.0,parabolic,1e-05,0.5,smaller
wel_270,relative,0.01,0.0,switch,2.0,parabolic,1e-05,0.5,smaller
wel_619,relative,0.01,0.0,switch,2.0,parabolic,1e-05,0.5,smaller
wel_284,relative,0.01,0.0,switch,2.0,parabolic,1e-05,0.5,smaller
wel_525,relative,0.01,0.0,switch,2.0,parabolic,1e-05,0.5,smaller
wel_352,relative,0.01,0.0,switch,2.0,parabolic,1e-05,0.5,smaller
wel_141,relative,0.01,0.0,switch,2.0,parabolic,1e-05,0.5,smaller
wel_398,relative,0.01,0.0,switch,2.0,parabolic,1e-05,0.5,smaller
wel_103,relative,0.01,0.0,switch,2.0,parabolic,1e-05,0.5,smaller
wel_209,relative,0.01,0.0,switch,2.0,parabolic,1e-05,0.5,smaller
wel_446,relative,0.01,0.0,switch,2.0,parabolic,1e-05,0.5,smaller
wel_190,relative,0.01,0.0,switch,2.0,parabolic,1e-05,0.5,smaller
wel_434,relative,0.01,0.0,switch,2.0,parabolic,1e-05,0.5,smaller
wel_159,relative,0.01,0.0,switch,2.0,parabolic,1e-05,0.5,smaller
wel_436,relative,0.01,0.0,switch,2.0,parabolic,1e-05,0.5,smaller
wel_360,relative,0.01,0.0,switch,2.0,parabolic,1e-05,0.5,smaller
wel_15,relative,0.01,0.0,switch,2.0,parabolic,1e-05,0.5,smaller
wel_502,relative,0.01,0.0,switch,2.0,parabolic,1e-05,0.5,smaller
wel_527,relative,0.01,0.0,switch,2.0,parabolic,1e-05,0.5,smaller
wel_297,relative,0.01,0.0,switch,2.0,parabolic,1e-05,0.5,smaller
wel_118,relative,0.01,0.0,switch,2.0,parabolic,1e-05,0.5,smaller
wel_296,relative,0.01,0.0,switch,2.0,parabolic,1e-05,0.5,smaller
wel_649,relative,0.01,0.0,switch,2.0,parabolic,1e-05,0.5,smaller
wel_71,relative,0.01,0.0,switch,2.0,parabolic,1e-05,0.5,smaller
wel_653,relative,0.01,0.0,switch,2.0,parabolic,1e-05,0.5,smaller
wel_161,relative,0.01,0.0,switch,2.0,parabolic,1e-05,0.5,smaller
wel_613,relative,0.01,0.0,switch,2.0,parabolic,1e-05,0.5,smaller
wel_216,relative,0.01,0.0,switch,2.0,parabolic,1e-05,0.5,smaller
wel_202,relative,0.01,0.0,switch,2.0,parabolic,1e-05,0.5,smaller
wel_625,relative,0.01,0.0,switch,2.0,parabolic,1e-05,0.5,smaller
wel_104,relative,0.01,0.0,switch,2.0,parabolic,1e-05,0.5,smaller
wel_456,relative,0.01,0.0,switch,2.0,parabolic,1e-05,0.5,smaller
wel_195,relative,0.01,0.0,switch,2.0,parabolic,1e-05,0.5,smaller
wel_540,relative,0.01,0.0,switch,2.0,parabolic,1e-05,0.5,smaller
wel_10,relative,0.01,0.0,switch,2.0,parabolic,1e-05,0.5,smaller
wel_577,relative,0.01,0.0,switch,2.0,parabolic,1e-05,0.5,smaller
wel_666,relative,0.01,0.0,switch,2.0,parabolic,1e-05,0.5,smaller
wel_429,relative,0.01,0.0,switch,2.0,parabolic,1e-05,0.5,smaller
wel_458,relative,0.01,0.0,switch,2.0,parabolic,1e-05,0.5,smaller
wel_499,relative,0.01,0.0,switch,2.0,parabolic,1e-05,0.5,smaller
wel_228,relative,0.01,0.0,switch,2.0,parabolic,1e-05,0.5,smaller
wel_400,relative,0.01,0.0,switch,2.0,parabolic,1e-05,0.5,smaller
wel_614,relative,0.01,0.0,switch,2.0,parabolic,1e-05,0.5,smaller
wel_0,relative,0.01,0.0,switch,2.0,parabolic,1e-05,0.5,smaller
wel_437,relative,0.01,0.0,switch,2.0,parabolic,1e-05,0.5,smaller
wel_110,relative,0.01,0.0,switch,2.0,parabolic,1e-05,0.5,smaller
wel_366,relative,0.01,0.0,switch,2.0,parabolic,1e-05,0.5,smaller
wel_385,relative,0.01,0.0,switch,2.0,parabolic,1e-05,0.5,smaller
wel_487,relative,0.01,0.0,switch,2.0,parabolic,1e-05,0.5,smaller
wel_128,relative,0.01,0.0,switch,2.0,parabolic,1e-05,0.5,smaller
wel_651,relative,0.01,0.0,switch,2.0,parabolic,1e-05,0.5,smaller
wel_146,relative,0.01,0.0,switch,2.0,parabolic,1e-05,0.5,smaller
wel_389,relative,0.01,0.0,switch,2.0,parabolic,1e-05,0.5,smaller
wel_585,relative,0.01,0.0,switch,2.0,parabolic,1e-05,0.5,smaller
wel_266,relative,0.01,0.0,switch,2.0,parabolic,1e-05,0.5,smaller
wel_646,relative,0.01,0.0,switch,2.0,parabolic,1e-05,0.5,smaller
wel_341,relative,0.01,0.0,switch,2.0,parabolic,1e-05,0.5,smaller
wel_57,relative,0.01,0.0,switch,2.0,parabolic,1e-05,0.5,smaller
wel_503,relative,0.01,0.0,switch,2.0,parabolic,1e-05,0.5,smaller
wel_229,relative,0.01,0.0,switch,2.0,parabolic,1e-05,0.5,smaller
wel_173,relative,0.01,0.0,switch,2.0,parabolic,1e-05,0.5,smaller
wel_546,relative,0.01,0.0,switch,2.0,parabolic,1e-05,0.5,smaller
wel_658,relative,0.01,0.0,switch,2.0,parabolic,1e-05,0.5,smaller
wel_689,relative,0.01,0.0,switch,2.0,parabolic,1e-05,0.5,smaller
wel_11,relative,0.01,0.0,switch,2.0,parabolic,1e-05,0.5,smaller
wel_242,relative,0.01,0.0,switch,2.0,parabolic,1e-05,0.5,smaller
wel_175,relative,0.01,0.0,switch,2.0,parabolic,1e-05,0.5,smaller
wel_539,relative,0.01,0.0,switch,2.0,parabolic,1e-05,0.5,smaller
wel_106,relative,0.01,0.0,switch,2.0,parabolic,1e-05,0.5,smaller
wel_638,relative,0.01,0.0,switch,2.0,parabolic,1e-05,0.5,smaller
wel_255,relative,0.01,0.0,switch,2.0,parabolic,1e-05,0.5,smaller
wel_320,relative,0.01,0.0,switch,2.0,parabolic,1e-05,0.5,smaller
wel_580,relative,0.01,0.0,switch,2.0,parabolic,1e-05,0.5,smaller
wel_509,relative,0.01,0.0,switch,2.0,parabolic,1e-05,0.5,smaller
wel_697,relative,0.01,0.0,switch,2.0,parabolic,1e-05,0.5,smaller
wel_505,relative,0.01,0.0,switch,2.0,parabolic,1e-05,0.5,smaller
wel_629,relative,0.01,0.0,switch,2.0,parabolic,1e-05,0.5,smaller
wel_479,relative,0.01,0.0,switch,2.0,parabolic,1e-05,0.5,smaller
wel_227,relative,0.01,0.0,switch,2.0,parabolic,1e-05,0.5,smaller
wel_623,relative,0.01,0.0,switch,2.0,parabolic,1e-05,0.5,smaller
wel_46,relative,0.01,0.0,switch,2.0,parabolic,1e-05,0.5,smaller
wel_176,relative,0.01,0.0,switch,2.0,parabolic,1e-05,0.5,smaller
wel_197,relative,0.01,0.0,switch,2.0,parabolic,1e-05,0.5,smaller
wel_58,relative,0.01,0.0,switch,2.0,parabolic,1e-05,0.5,smaller
wel_425,relative,0.01,0.0,switch,2.0,parabolic,1e-05,0.5,smaller
wel_485,relative,0.01,0.0,switch,2.0,parabolic,1e-05,0.5,smaller
wel_361,relative,0.01,0.0,switch,2.0,parabolic,1e-05,0.5,smaller
wel_82,relative,0.01,0.0,switch,2.0,parabolic,1e-05,0.5,smaller
wel_24,relative,0.01,0.0,switch,2.0,parabolic,1e-05,0.5,smaller
wel_452,relative,0.01,0.0,switch,2.0,parabolic,1e-05,0.5,smaller
wel_451,relative,0.01,0.0,switch,2.0,parabolic,1e-05,0.5,smaller
wel_727,relative,0.01,0.0,switch,2.0,parabolic,1e-05,0.5,smaller
wel_424,relative,0.01,0.0,switch,2.0,parabolic,1e-05,0.5,smaller
wel_328,relative,0.01,0.0,switch,2.0,parabolic,1e-05,0.5,smaller
wel_224,relative,0.01,0.0,switch,2.0,parabolic,1e-05,0.5,smaller
wel_611,relative,0.01,0.0,switch,2.0,parabolic,1e-05,0.5,smaller
wel_144,relative,0.01,0.0,switch,2.0,parabolic,1e-05,0.5,smaller
wel_235,relative,0.01,0.0,switch,2.0,parabolic,1e-05,0.5,smaller
wel_698,relative,0.01,0.0,switch,2.0,parabolic,1e-05,0.5,smaller
wel_271,relative,0.01,0.0,switch,2.0,parabolic,1e-05,0.5,smaller
wel_710,relative,0.01,0.0,switch,2.0,parabolic,1e-05,0.5,smaller
wel_136,relative,0.01,0.0,switch,2.0,parabolic,1e-05,0.5,smaller
wel_140,relative,0.01,0.0,switch,2.0,parabolic,1e-05,0.5,smaller
wel_392,relative,0.01,0.0,switch,2.0,parabolic,1e-05,0.5,smaller
wel_196,relative,0.01,0.0,switch,2.0,parabolic,1e-05,0.5,smaller
wel_107,relative,0.01,0.0,switch,2.0,parabolic,1e-05,0.5,smaller
wel_321,relative,0.01,0.0,switch,2.0,parabolic,1e-05,0.5,smaller
wel_650,relative,0.01,0.0,switch,2.0,parabolic,1e-05,0.5,smaller
wel_6,relative,0.01,0.0,switch,2.0,parabolic,1e-05,0.5,smaller
wel_601,relative,0.01,0.0,switch,2.0,parabolic,1e-05,0.5,smaller
wel_719,relative,0.01,0.0,switch,2.0,parabolic,1e-05,0.5,smaller
wel_403,relative,0.01,0.0,switch,2.0,parabolic,1e-05,0.5,smaller
wel_370,relative,0.01,0.0,switch,2.0,parabolic,1e-05,0.5,smaller
wel_725,relative,0.01,0.0,switch,2.0,parabolic,1e-05,0.5,smaller
wel_92,relative,0.01,0.0,switch,2.0,parabolic,1e-05,0.5,smaller
wel_32,relative,0.01,0.0,switch,2.0,parabolic,1e-05,0.5,smaller
wel_203,relative,0.01,0.0,switch,2.0,parabolic,1e-05,0.5,smaller
wel_339,relative,0.01,0.0,switch,2.0,parabolic,1e-05,0.5,smaller
wel_596,relative,0.01,0.0,switch,2.0,parabolic,1e-05,0.5,smaller
wel_677,relative,0.01,0.0,switch,2.0,parabolic,1e-05,0.5,smaller
wel_157,relative,0.01,0.0,switch,2.0,parabolic,1e-05,0.5,smaller
wel_622,relative,0.01,0.0,switch,2.0,parabolic,1e-05,0.5,smaller
wel_589,relative,0.01,0.0,switch,2.0,parabolic,1e-05,0.5,smaller
wel_89,relative,0.01,0.0,switch,2.0,parabolic,1e-05,0.5,smaller
wel_204,relative,0.01,0.0,switch,2.0,parabolic,1e-05,0.5,smaller
wel_685,relative,0.01,0.0,switch,2.0,parabolic,1e-05,0.5,smaller
wel_170,relative,0.01,0.0,switch,2.0,parabolic,1e-05,0.5,smaller
wel_707,relative,0.01,0.0,switch,2.0,parabolic,1e-05,0.5,smaller
wel_273,relative,0.01,0.0,switch,2.0,parabolic,1e-05,0.5,smaller
wel_642,relative,0.01,0.0,switch,2.0,parabolic,1e-05,0.5,smaller
wel_322,relative,0.01,0.0,switch,2.0,parabolic,1e-05,0.5,smaller
wel_186,relative,0.01,0.0,switch,2.0,parabolic,1e-05,0.5,smaller
wel_367,relative,0.01,0.0,switch,2.0,parabolic,1e-05,0.5,smaller
wel_355,relative,0.01,0.0,switch,2.0,parabolic,1e-05,0.5,smaller
wel_543,relative,0.01,0.0,switch,2.0,parabolic,1e-05,0.5,smaller
wel_30,relative,0.01,0.0,switch,2.0,parabolic,1e-05,0.5,smaller
wel_282,relative,0.01,0.0,switch,2.0,parabolic,1e-05,0.5,smaller
wel_598,relative,0.01,0.0,switch,2.0,parabolic,1e-05,0.5,smaller
wel_694,relative,0.01,0.0,switch,2.0,parabolic,1e-05,0.5,smaller
wel_670,relative,0.01,0.0,switch,2.0,parabolic,1e-05,0.5,smaller
wel_193,relative,0.01,0.0,switch,2.0,parabolic,1e-05,0.5,smaller
wel_373,relative,0.01,0.0,switch,2.0,parabolic,1e-05,0.5,smaller
wel_13,relative,0.01,0.0,switch,2.0,parabolic,1e-05,0.5,smaller
wel_348,relative,0.01,0.0,switch,2.0,parabolic,1e-05,0.5,smaller
wel_538,relative,0.01,0.0,switch,2.0,parabolic,1e-05,0.5,smaller
wel_86,relative,0.01,0.0,switch,2.0,parabolic,1e-05,0.5,smaller
wel_517,relative,0.01,0.0,switch,2.0,parabolic,1e-05,0.5,smaller
wel_604,relative,0.01,0.0,switch,2.0,parabolic,1e-05,0.5,smaller
wel_579,relative,0.01,0.0,switch,2.0,parabolic,1e-05,0.5,smaller
wel_231,relative,0.01,0.0,switch,2.0,parabolic,1e-05,0.5,smaller
wel_347,relative,0.01,0.0,switch,2.0,parabolic,1e-05,0.5,smaller
wel_281,relative,0.01,0.0,switch,2.0,parabolic,1e-05,0.5,smaller
wel_500,relative,0.01,0.0,switch,2.0,parabolic,1e-05,0.5,smaller
wel_665,relative,0.01,0.0,switch,2.0,parabolic,1e-05,0.5,smaller
wel_16,relative,0.01,0.0,switch,2.0,parabolic,1e-05,0.5,smaller
wel_461,relative,0.01,0.0,switch,2.0,parabolic,1e-05,0.5,smaller
wel_386,relative,0.01,0.0,switch,2.0,parabolic,1e-05,0.5,smaller
wel_644,relative,0.01,0.0,switch,2.0,parabolic,1e-05,0.5,smaller
wel_495,relative,0.01,0.0,switch,2.0,parabolic,1e-05,0.5,smaller
wel_31,relative,0.01,0.0,switch,2.0,parabolic,1e-05,0.5,smaller
wel_518,relative,0.01,0.0,switch,2.0,parabolic,1e-05,0.5,smaller
wel_5,relative,0.01,0.0,switch,2.0,parabolic,1e-05,0.5,smaller
wel_559,relative,0.01,0.0,switch,2.0,parabolic,1e-05,0.5,smaller
wel_36,relative,0.01,0.0,switch,2.0,parabolic,1e-05,0.5,smaller
wel_705,relative,0.01,0.0,switch,2.0,parabolic,1e-05,0.5,smaller
wel_654,relative,0.01,0.0,switch,2.0,parabolic,1e-05,0.5,smaller
wel_198,relative,0.01,0.0,switch,2.0,parabolic,1e-05,0.5,smaller
wel_153,relative,0.01,0.0,switch,2.0,parabolic,1e-05,0.5,smaller
wel_122,relative,0.01,0.0,switch,2.0,parabolic,1e-05,0.5,smaller
wel_673,relative,0.01,0.0,switch,2.0,parabolic,1e-05,0.5,smaller
wel_111,relative,0.01,0.0,switch,2.0,parabolic,1e-05,0.5,smaller
wel_693,relative,0.01,0.0,switch,2.0,parabolic,1e-05,0.5,smaller
wel_60,relative,0.01,0.0,switch,2.0,parabolic,1e-05,0.5,smaller
wel_356,relative,0.01,0.0,switch,2.0,parabolic,1e-05,0.5,smaller
wel_402,relative,0.01,0.0,switch,2.0,parabolic,1e-05,0.5,smaller
wel_443,relative,0.01,0.0,switch,2.0,parabolic,1e-05,0.5,smaller
wel_179,relative,0.01,0.0,switch,2.0,parabolic,1e-05,0.5,smaller
wel_256,relative,0.01,0.0,switch,2.0,parabolic,1e-05,0.5,smaller
wel_471,relative,0.01,0.0,switch,2.0,parabolic,1e-05,0.5,smaller
wel_205,relative,0.01,0.0,switch,2.0,parabolic,1e-05,0.5,smaller
wel_294,relative,0.01,0.0,switch,2.0,parabolic,1e-05,0.5,smaller
wel_362,relative,0.01,0.0,switch,2.0,parabolic,1e-05,0.5,smaller
wel_257,relative,0.01,0.0,switch,2.0,parabolic,1e-05,0.5,smaller
wel_380,relative,0.01,0.0,switch,2.0,parabolic,1e-05,0.5,smaller
wel_346,relative,0.01,0.0,switch,2.0,parabolic,1e-05,0.5,smaller
wel_93,relative,0.01,0.0,switch,2.0,parabolic,1e-05,0.5,smaller
wel_260,relative,0.01,0.0,switch,2.0,parabolic,1e-05,0.5,smaller
